datetime,open,high,low,close,volume
2004-12-03,27.1600,27.4400,27.1400,27.2300,76498400
2004-12-02,27.2700,27.4000,26.9200,27.0900,96088300
2004-12-01,26.9500,27.2800,26.8100,27.2500,99889000
2004-11-30,26.7600,27.0100,26.7000,26.8100,75960400
2004-11-29,26.6350,26.9500,26.6100,26.7700,67079900
2004-11-26,26.5700,26.8200,26.5500,26.6000,24398700
2004-11-24,26.6200,26.7300,26.4000,26.6400,60069200
2004-11-23,26.5200,26.7000,26.4000,26.5300,70459700
2004-11-22,26.7600,26.8200,24.8600,26.6500,92410800
2004-11-19,27.0400,27.0700,26.8400,26.8600,85808600
2004-11-18,27.1300,27.1700,27.0000,27.0700,63249900
2004-11-17,27.2500,27.3600,27.0600,27.1700,58830700
2004-11-16,27.3200,27.3400,27.0500,27.1200,64522600
2004-11-15,27.3500,27.5000,27.2000,27.3900,104468000
2004-11-12,30.1600,30.2000,29.8000,29.9700,162269000
2004-11-11,29.8850,30.0800,29.8200,29.9800,87358900
2004-11-10,29.9100,30.0000,29.6900,29.7300,84097700
2004-11-09,29.4300,29.8900,29.3500,29.7700,100401000
2004-11-08,29.1900,29.4800,29.1300,29.2800,112802100
2004-11-05,29.1600,29.3600,29.0300,29.3100,95337700
2004-11-04,28.3900,29.0000,28.3800,29.0000,87867700
2004-11-03,28.6500,28.6500,28.3100,28.4700,79666700
2004-11-02,28.2400,28.4700,28.0290,28.2400,89417100
2004-11-01,28.1500,28.2800,27.9600,28.0800,72930900
2004-10-29,28.1100,28.1500,27.4200,27.9700,80010100
2004-10-28,28.1200,28.5400,27.9000,28.0100,63059600
2004-10-27,27.8700,28.3510,27.5800,28.1500,72392600
2004-10-26,27.7000,27.9000,27.6290,27.9000,76966600
2004-10-25,27.6800,27.7700,27.5500,27.6300,61529500
2004-10-22,28.3000,28.3400,27.5800,27.7400,101912800
2004-10-21,28.8200,28.8900,28.4700,28.5600,94988500
2004-10-20,28.2200,28.7500,28.1200,28.6990,69078100
2004-10-19,28.5400,28.5900,28.1700,28.1800,57026500
2004-10-18,28.0600,28.4500,27.9800,28.4100,50350700
2004-10-15,27.9700,28.2400,27.8200,27.9900,49828500
2004-10-14,28.0590,28.1600,27.7990,27.8000,41548700
2004-10-13,28.1900,28.2700,27.9400,28.0300,49500700
2004-10-12,27.8300,28.1600,27.8100,28.0300,56412900
2004-10-11,28.2000,28.2200,27.9300,28.0600,44691000
2004-10-08,28.1100,28.3300,27.9700,27.9900,49556600
2004-10-07,28.5100,28.5900,28.1600,28.1700,38401500
2004-10-06,28.3900,28.5510,28.2300,28.5300,56999600
2004-10-05,28.1500,28.4500,28.1000,28.3800,58017700
2004-10-04,28.4200,28.4600,28.0700,28.1200,62016200
2004-10-01,27.8100,28.3200,27.7800,28.2500,66302800
2004-09-30,27.5890,27.7900,27.5200,27.6500,71218000
2004-09-29,27.2700,27.6900,27.2333,27.5800,61529300
2004-09-28,27.2100,27.3600,27.0400,27.2700,62055100
2004-09-27,27.1800,27.3200,27.1300,27.1900,47813600
2004-09-24,27.3900,27.4600,27.1900,27.2900,49859800
2004-09-23,27.1900,27.3900,27.1700,27.3500,52155800
2004-09-22,27.2300,27.7400,27.0700,27.1200,68409000
2004-09-21,27.4600,27.5300,27.2500,27.2600,73874400
2004-09-20,27.4300,27.6500,27.3300,27.5100,51513600
2004-09-17,27.3900,27.5300,27.2600,27.5100,65283000
2004-09-16,27.2200,27.3500,27.1700,27.2600,35951500
2004-09-15,27.3700,27.4010,27.1400,27.1900,52605700
2004-09-14,27.3600,27.5100,27.2700,27.4400,55920000
2004-09-13,27.5400,27.5700,26.7400,27.2500,48239200
2004-09-10,27.3300,27.5100,27.1800,27.4900,52664500
2004-09-09,27.3000,27.4700,27.1800,27.2800,56904700
2004-09-08,27.3100,27.4692,27.1400,27.2600,53278100
2004-09-07,27.2900,27.3800,27.1600,27.3600,44893400
2004-09-03,27.4500,27.6200,27.1000,27.1100,46174400
2004-09-02,27.3800,27.6800,27.3500,27.6200,42161700
2004-09-01,27.2400,27.5200,27.1400,27.3900,48507500
2004-08-31,27.2900,27.3200,27.0500,27.3000,52106700
2004-08-30,27.3000,27.3900,26.8500,27.3000,36679600
2004-08-27,27.4900,27.6500,27.4500,27.4600,33248700
2004-08-26,27.4600,27.6000,27.3900,27.4400,35465500
2004-08-25,27.2100,27.6700,27.1800,27.5500,53512700
2004-08-24,27.3900,27.4600,27.0900,27.2400,40835300
2004-08-23,27.2700,27.3300,27.1200,27.2400,39572200
2004-08-20,27.1200,27.3700,27.0400,27.2000,46494800
2004-08-19,27.3400,27.4500,27.0100,27.1200,46293000
2004-08-18,26.9000,27.5000,26.8900,27.4600,58844000
2004-08-17,27.2200,27.3800,26.9800,27.0500,56879700
2004-08-16,27.0800,27.2000,26.9600,27.0900,54347200
2004-08-13,27.0200,27.2510,25.9500,27.0200,43333200
2004-08-12,27.2400,27.3100,26.8600,26.8800,50279700
2004-08-11,27.3800,27.5100,27.2000,27.4100,53097300
2004-08-10,27.3000,27.7500,27.2500,27.7200,57632700
2004-08-09,27.2500,27.2800,27.1000,27.1800,51877500
2004-08-06,27.4000,27.8600,27.0600,27.1400,75628000
2004-08-05,28.1400,28.2100,27.5200,27.5300,55591700
2004-08-04,28.0010,28.2000,27.9890,28.0600,46217900
2004-08-03,28.3700,28.4200,28.0000,28.0700,53990900
2004-08-02,28.2700,28.5500,28.1600,28.5200,52267000
2004-07-30,28.4400,28.8100,28.3300,28.4900,59552900
2004-07-29,28.7800,28.8000,28.2500,28.4800,60148400
2004-07-28,28.3500,28.7900,28.2800,28.5800,62718800
2004-07-27,28.7100,28.7600,28.1300,28.4400,72968400
2004-07-26,28.3700,28.7100,28.1990,28.6600,72387600
2004-07-23,28.3900,28.4000,28.0200,28.0300,97372700
2004-07-22,29.0590,29.3000,28.8300,29.0000,124640700
2004-07-21,29.5300,29.8900,28.8100,28.8600,201518000
2004-07-20,28.0100,28.4800,27.8500,28.3200,89010700
2004-07-19,27.6200,28.2600,27.6000,27.9500,60354500
2004-07-16,28.1590,28.2000,27.2500,27.4800,66406300
2004-07-15,28.0490,28.2037,27.8000,27.8700,46759700
2004-07-14,27.4000,28.3600,27.3400,28.1300,87656300
2004-07-13,27.9100,27.9500,27.6000,27.6000,43274100
2004-07-12,27.6900,28.0010,27.5900,27.8900,45757300
2004-07-09,27.7800,28.0010,27.6400,27.8600,50249300
2004-07-08,27.8800,28.1500,27.5500,27.6400,59125100
2004-07-07,27.7010,28.3200,27.5500,28.1000,66255700
2004-07-06,28.3200,28.3300,27.9400,28.0200,69158900
2004-07-02,28.6090,28.6800,28.4000,28.5700,36690100
2004-07-01,28.6900,28.8400,28.2600,28.6300,78441400
2004-06-30,28.5600,28.8000,28.3900,28.5600,83544400
2004-06-29,28.1900,28.5800,28.1800,28.5000,55371700
2004-06-28,28.6300,28.7500,28.1700,28.2800,77024100
2004-06-25,28.4700,28.6300,28.2450,28.5700,71136500
2004-06-24,28.4900,28.6500,28.3600,28.3900,65503800
2004-06-23,28.0000,28.3800,28.0000,28.3000,58558400
2004-06-22,28.1500,28.3500,27.8100,28.2900,98932000
2004-06-21,28.2300,28.6600,28.1200,28.3500,116881700
2004-06-18,27.7400,28.5000,27.7000,28.3500,134218700
2004-06-17,27.3100,27.9200,27.2900,27.7690,105427500
2004-06-16,27.3400,27.5000,27.1500,27.3200,67431100
2004-06-15,26.9800,27.6000,26.9700,27.4050,114183400
2004-06-14,26.5600,26.9000,26.5300,26.9000,67377500
2004-06-10,26.3800,26.7900,26.3800,26.7700,48109200
2004-06-09,26.4100,26.6500,26.4000,26.4700,50385500
2004-06-08,26.2900,26.6500,26.2400,26.6000,58447700
2004-06-07,26.0200,26.4300,25.9700,26.4300,65218600
2004-06-04,26.0400,26.2400,25.9400,25.9500,48815300
2004-06-03,26.0500,26.1300,25.8600,25.8900,45933100
2004-06-02,26.1300,26.2800,26.0100,26.1300,54020000
2004-06-01,26.1200,26.2700,25.8700,26.1100,48369500
2004-05-28,26.1600,26.3500,26.0200,26.2300,37393000
2004-05-27,26.1500,26.1900,25.9200,26.1900,49071900
2004-05-26,25.9890,26.1500,25.8500,26.1400,50306900
2004-05-25,25.7000,26.1900,25.6000,26.1000,66615000
2004-05-24,26.0400,26.1700,25.7400,25.7600,56250500
2004-05-21,25.9400,26.2000,25.7800,25.8900,57809300
2004-05-20,25.7490,25.8700,25.5900,25.7300,52089900
2004-05-19,26.0400,26.2700,25.6200,25.6200,60052800
2004-05-18,25.7000,25.9700,25.6400,25.8300,58158600
2004-05-17,25.4800,25.7900,25.4200,25.5400,55149600
2004-05-14,25.9800,26.1700,25.6400,25.8600,43775300
2004-05-13,25.8200,26.1900,25.7900,26.1000,63861500
2004-05-12,25.8700,26.0000,25.4300,25.9400,64145600
2004-05-11,26.1000,26.1100,25.7900,25.9400,57917200
2004-05-10,25.6400,26.0500,25.6200,25.9300,64621400
2004-05-07,26.0310,26.3800,25.7500,25.7800,68290200
2004-05-06,26.1600,26.3400,26.0290,26.1200,62693900
2004-05-05,26.3200,26.6000,26.2500,26.3000,51841700
2004-05-04,26.3550,26.5400,26.0200,26.3300,55496400
2004-05-03,26.2100,26.5200,26.1900,26.3500,65916200
2004-04-30,26.5900,26.7500,25.9600,26.1300,66172200
2004-04-29,26.5100,26.9400,26.3100,26.4800,77787300
2004-04-28,27.0500,27.0500,26.4700,26.5600,72842200
2004-04-27,27.1500,27.3700,27.1300,27.2200,80716800
2004-04-26,27.4600,27.5500,27.1000,27.2400,89391000
2004-04-23,27.4000,27.7200,27.3400,27.5400,258269000
2004-04-22,25.5090,25.9900,25.4700,25.9500,99207700
2004-04-21,25.3700,25.4900,25.2000,25.4500,49252000
2004-04-20,25.6500,25.8800,25.2800,25.3300,59902600
2004-04-19,25.0800,25.6000,25.0600,25.5300,44592100
2004-04-16,25.3200,25.4000,25.1100,25.1600,51768600
2004-04-15,25.5800,25.7300,25.1000,25.2150,73756900
2004-04-14,25.4000,25.6800,25.3800,25.5100,61079600
2004-04-13,25.6790,25.7700,25.4100,25.4500,56971500
2004-04-12,25.4800,25.7400,25.4300,25.6100,38786800
2004-04-08,25.8000,25.8500,25.3600,25.4800,45294600
2004-04-07,25.7300,25.7800,25.3500,25.5900,63268900
2004-04-06,25.7600,25.9000,25.6600,25.8000,48992000
2004-04-05,25.8000,25.9800,25.7300,25.9510,53800300
2004-04-02,25.4700,25.9000,25.4400,25.8500,98043800
2004-04-01,24.9500,25.1100,24.8500,25.0800,69051900
2004-03-31,25.1900,25.2000,24.8699,24.9300,70533200
2004-03-30,25.1900,25.3300,25.0300,25.2000,59010400
2004-03-29,25.2400,25.4000,25.0000,25.3100,51881600
2004-03-26,25.1100,25.5100,25.0000,25.0300,61584900
2004-03-25,24.6000,25.2400,24.5800,25.1900,85677900
2004-03-24,24.3600,24.5800,24.1800,24.4100,97584700
2004-03-23,24.6300,24.6600,24.1100,24.1500,91696300
2004-03-22,24.5300,24.8400,24.0100,24.5000,127605200
2004-03-19,24.8400,24.9400,24.5600,24.6300,86281600
2004-03-18,24.9600,25.0300,24.5800,24.8900,123231000
2004-03-17,25.2500,25.4600,25.1100,25.1300,56241400
2004-03-16,25.2700,25.3700,25.0999,25.1800,65453800
2004-03-15,25.3300,25.4300,25.0600,25.1600,68835300
2004-03-12,25.3800,25.5100,25.2300,25.3800,64137100
2004-03-11,25.2000,25.7800,25.0700,25.0900,90536300
2004-03-10,25.6600,25.8000,25.3500,25.3700,75155800
2004-03-09,25.7700,25.9700,25.5400,25.7200,81111700
2004-03-08,26.3100,26.3500,25.8100,25.8300,69367800
2004-03-05,26.2300,26.6000,26.2000,26.3500,59849800
2004-03-04,26.3700,26.4200,26.2100,26.3700,44023200
2004-03-03,26.3500,26.5500,26.2200,26.3700,54998700
2004-03-02,26.6300,26.6900,26.3500,26.3900,66331000
2004-03-01,26.6500,26.7200,26.5000,26.7000,51912300
2004-02-27,26.4800,26.6200,26.3500,26.5300,58266500
2004-02-26,26.6300,26.6500,26.4100,26.5000,66602700
2004-02-25,26.8900,26.9900,26.6100,26.7000,64275700
2004-02-24,26.6000,26.9500,26.5500,26.8800,55426500
2004-02-23,26.7500,26.7600,26.4799,26.6100,50256800
2004-02-20,26.6500,26.7950,26.5000,26.5700,57821900
2004-02-19,26.9000,26.9800,26.4300,26.4600,61840600
2004-02-18,26.9200,27.1100,26.7400,26.7700,50334700
2004-02-17,26.7000,27.1000,26.5900,26.9900,43477000
2004-02-13,26.9800,27.0600,26.5000,26.5900,67541100
2004-02-12,27.0900,27.1500,26.9300,26.9500,44537000
2004-02-11,26.9500,27.2300,26.8500,27.1500,51515300
2004-02-10,26.8600,27.1500,26.8200,27.0200,37790600
2004-02-09,27.1800,27.2290,26.8500,26.9000,48108500
2004-02-06,27.0000,27.1900,26.9300,27.0800,47209600
2004-02-05,27.0600,27.1700,26.8300,26.9600,55527500
2004-02-04,27.1500,27.4300,27.0100,27.0100,60648000
2004-02-03,27.4200,27.5500,27.1800,27.2900,47993800
2004-02-02,27.6300,27.8000,27.2400,27.4000,62891800
2004-01-30,27.8500,27.9000,27.5500,27.6500,40528700
2004-01-29,27.7800,27.9500,27.5700,27.9100,63748400
2004-01-28,28.2800,28.4400,27.4700,27.7100,71336000
2004-01-27,28.6000,28.7200,28.2200,28.2500,63196200
2004-01-26,28.4900,28.8300,28.3200,28.8000,58299600
2004-01-23,28.2700,28.7600,28.2200,28.4800,127259100
2004-01-22,28.3700,28.4400,27.9400,28.0100,78425200
2004-01-21,28.1300,28.3000,27.8500,28.3000,53570600
2004-01-20,27.9900,28.2000,27.9300,28.1000,63068500
2004-01-16,27.7400,27.8800,27.5300,27.8100,63983400
2004-01-15,27.5500,27.7200,27.4200,27.5400,58504100
2004-01-14,27.5100,27.7300,27.4700,27.7000,43907000
2004-01-13,27.5400,27.6400,27.2600,27.4300,51555900
2004-01-12,27.6700,27.7300,27.3500,27.5700,55845200
2004-01-09,28.0300,28.0610,27.5900,27.6600,67079900
2004-01-08,28.3900,28.4800,28.0000,28.1600,58810800
2004-01-07,28.1700,28.3100,28.0100,28.2100,54298200
2004-01-06,28.1900,28.2800,28.0700,28.2400,46950800
2004-01-05,27.7300,28.1800,27.7200,28.1400,67333700
2004-01-02,27.5800,27.7700,27.3300,27.4500,44487700
2003-12-31,27.4200,27.5500,27.2300,27.3700,42198900
2003-12-30,27.4100,27.5500,27.4000,27.5200,34406600
2003-12-29,27.2100,27.5300,27.1600,27.4600,40426700
2003-12-26,27.0500,27.2500,27.0000,27.2100,12076900
2003-12-24,27.1400,27.1600,27.0000,27.0400,19924200
2003-12-23,27.1700,27.3400,27.0100,27.1500,39609000
2003-12-22,27.1600,27.4300,26.9700,27.1800,43894800
2003-12-19,27.4900,27.5500,27.1900,27.3600,76856400
2003-12-18,27.1000,27.4500,27.0500,27.4000,61177800
2003-12-17,27.0400,27.0800,26.8500,27.0400,53712300
2003-12-16,26.8300,27.1600,26.7700,27.0600,73978000
2003-12-15,27.0500,27.1000,26.6800,26.7400,88860600
2003-12-12,26.6900,26.8100,26.5000,26.6500,69154100
2003-12-11,26.5900,26.7700,26.2800,26.6100,79309000
2003-12-10,26.4500,26.6300,26.3800,26.5900,82853700
2003-12-09,26.4400,26.6100,26.2500,26.3800,103547100
2003-12-08,26.1200,26.3400,25.8100,26.2400,90504000
2003-12-05,25.9600,26.4800,25.9200,25.9800,96610900
2003-12-04,25.7200,26.2300,25.6600,26.2000,87202400
2003-12-03,25.8200,26.0700,25.6200,25.6700,93121600
2003-12-02,25.9500,26.0900,25.6100,25.6600,85121700
2003-12-01,25.9000,26.2100,25.5000,25.8400,101914600
2003-11-28,25.5000,25.7500,25.4000,25.7100,33402600
2003-11-26,25.6100,25.6300,25.3200,25.4500,69758400
2003-11-25,25.8700,25.9500,25.3800,25.4000,85663800
2003-11-24,25.3300,25.8100,25.2800,25.7300,99463800
2003-11-21,25.3300,25.3800,25.0800,25.1100,70712900
2003-11-20,25.1700,25.6300,25.0800,25.1000,106845700
2003-11-19,25.2900,25.5400,25.1700,25.3500,78853300
2003-11-18,25.3300,25.8400,25.1200,25.1500,106868300
2003-11-17,25.3900,25.4400,24.8400,25.1500,103900200
2003-11-14,25.7000,26.0200,25.4400,25.5000,83146400
2003-11-13,25.8600,25.9300,25.4500,25.6900,78949500
2003-11-12,25.8500,26.1400,25.6000,25.9800,75877300
2003-11-11,26.0100,26.0800,25.6700,25.8000,64990700
2003-11-10,26.1200,26.2300,26.0000,26.0000,54579100
2003-11-07,26.3800,26.4900,26.0300,26.1000,57822100
2003-11-06,26.2600,26.3000,26.0000,26.2300,68189800
2003-11-05,26.1500,26.3200,26.0000,26.1000,61514400
2003-11-04,26.5900,26.6200,26.0100,26.0700,84026100
2003-11-03,26.3500,26.7500,26.2900,26.6800,57772300
2003-10-31,26.3700,26.4400,26.1100,26.1400,69623700
2003-10-30,27.0100,27.0400,25.9100,26.1200,98729400
2003-10-29,27.1600,27.2500,26.6600,26.7400,73551500
2003-10-28,27.0900,27.2200,26.8800,27.2000,71752600
2003-10-27,26.9100,27.1000,26.8200,26.9100,65619100
2003-10-24,27.2700,27.4000,26.4200,26.6100,210558300
2003-10-23,28.7200,29.0800,28.1000,28.9100,67357900
2003-10-22,29.0300,29.2100,28.8000,28.8900,48798500
2003-10-21,29.3500,29.4300,29.1700,29.3500,44166800
2003-10-20,28.9500,29.3700,28.8000,29.3500,38794500
2003-10-17,29.2800,29.2900,28.8000,28.9300,49960000
2003-10-16,28.9100,29.3100,28.8000,29.2300,42232500
2003-10-15,29.2000,29.2600,28.7000,29.0700,57242100
2003-10-14,28.6600,28.7700,28.4800,28.6800,34851300
2003-10-13,28.9800,29.1000,28.5000,28.7800,39320300
2003-10-10,28.9100,29.2000,28.6700,28.9100,37604700
2003-10-09,29.2200,29.3500,28.8000,28.9400,62653300
2003-10-08,29.3600,29.3600,28.6800,28.8200,46989100
2003-10-07,29.0100,29.3700,28.9200,29.1400,52356800
2003-10-06,29.1500,29.3000,28.9100,29.1900,34047600
2003-10-03,29.1600,29.4600,28.9300,29.0800,57303000
2003-10-02,28.4500,28.7500,28.1900,28.5000,38143600
2003-10-01,28.0300,28.6300,27.8100,28.5200,58375900
2003-09-30,28.5900,28.6100,27.7500,27.8000,63333700
2003-09-29,28.4100,28.9100,28.1000,28.8300,47380300
2003-09-26,28.2700,28.7800,28.1400,28.1900,49864700
2003-09-25,28.4700,28.9600,28.2200,28.2400,56224500
2003-09-24,29.6100,29.7000,28.4200,28.4600,66336500
2003-09-23,29.1200,29.7100,28.8800,29.6000,57827800
2003-09-22,29.3900,30.0000,28.8100,29.0700,65678700
2003-09-19,29.7600,29.9700,29.5200,29.9600,92433800
2003-09-18,28.4900,29.5100,28.4200,29.5000,67268100
2003-09-17,28.7600,28.9500,28.4700,28.5000,47221600
2003-09-16,28.4100,28.9500,28.3200,28.9000,52060600
2003-09-15,28.3700,28.6100,28.3300,28.3600,41432300
2003-09-12,27.4800,28.4000,27.4500,28.3400,55777200
2003-09-11,27.6600,28.1100,27.5900,27.8400,37813300
2003-09-10,28.0300,28.1800,27.4800,27.5500,54763500
2003-09-09,28.6500,28.7100,28.3100,28.3700,44315200
2003-09-08,28.3900,28.9200,28.3400,28.8400,46105300
2003-09-05,28.2300,28.7500,28.1700,28.3800,64024500
2003-09-04,28.1000,28.4700,27.9900,28.4300,59840800
2003-09-03,27.4200,28.4000,27.3800,28.3000,109437800
2003-09-02,26.7000,27.3000,26.4700,27.2600,74168900
2003-08-29,26.4600,26.5500,26.3500,26.5200,34503000
2003-08-28,26.5000,26.5800,26.2400,26.5100,46211200
2003-08-27,26.5100,26.5800,26.3000,26.4200,30633900
2003-08-26,26.3100,26.6700,25.9600,26.5700,47546000
2003-08-25,26.3100,26.5400,26.2300,26.5000,36132900
2003-08-22,26.7800,26.9500,26.2100,26.2200,65846300
2003-08-21,26.6500,26.7300,26.1300,26.2400,63802700
2003-08-20,26.3000,26.5300,26.0000,26.4500,56739300
2003-08-19,25.8500,26.6500,25.7700,26.6200,72952900
2003-08-18,25.5600,25.8300,25.4600,25.7000,45817400
2003-08-15,25.6100,25.6600,25.4300,25.5400,27607900
2003-08-14,25.6600,25.7100,25.5200,25.6300,37338300
2003-08-13,25.7900,25.8900,25.5000,25.6000,39636900
2003-08-12,25.7100,25.7700,25.4500,25.7300,38208400
2003-08-11,25.6100,25.9900,25.5400,25.6100,36433900
2003-08-08,25.8800,25.9800,25.5000,25.5800,33241400
2003-08-07,25.7200,25.8100,25.4500,25.7100,44258500
2003-08-06,25.5400,26.1900,25.4300,25.6500,56294900
2003-08-05,26.3100,26.5400,25.6000,25.6600,58825800
2003-08-04,26.1500,26.4100,25.7500,26.1800,51825600
2003-08-01,26.3300,26.5100,26.1200,26.1700,42649700
2003-07-31,26.6000,26.9900,26.3100,26.4100,64504800
2003-07-30,26.4600,26.5700,26.1700,26.2300,41240300
2003-07-29,26.8800,26.9000,26.2400,26.4700,62391100
2003-07-28,26.9400,27.0000,26.4900,26.6100,52658300
2003-07-25,26.2800,26.9500,26.0700,26.8900,54173000
2003-07-24,26.7800,26.9200,25.9800,26.0000,53556600
2003-07-23,26.4200,26.6500,26.1400,26.4500,49828200
2003-07-22,26.2800,26.5600,26.1300,26.3800,51791000
2003-07-21,26.8700,26.9100,26.0000,26.0400,48480800
2003-07-18,27.1100,27.2300,26.7500,26.8900,63388400
2003-07-17,27.1400,27.2700,26.5400,26.6900,72805000
2003-07-16,27.5600,27.6200,27.2000,27.5200,49838900
2003-07-15,27.4700,27.5300,27.1000,27.2700,53567600
2003-07-14,27.6300,27.8100,27.0500,27.4000,60464400
2003-07-11,26.9500,27.4500,26.8900,27.3100,50377300
2003-07-10,27.2500,27.4200,26.5900,26.9100,55350800
2003-07-09,27.5600,27.7000,27.2500,27.4700,62300700
2003-07-08,27.2600,27.8000,27.2500,27.7000,61896800
2003-07-07,27.0200,27.5500,26.9500,27.4200,88960800
2003-07-03,26.6900,26.9500,26.4100,26.5000,39440900
2003-07-02,26.5000,26.9300,26.4500,26.8800,94069300
2003-07-01,25.5900,26.2000,25.3900,26.1500,60926000
2003-06-30,25.9400,26.1200,25.5000,25.6400,48073100
2003-06-27,25.9500,26.3400,25.5300,25.6300,76040300
2003-06-26,25.3900,26.5100,25.2100,25.7500,51758100
2003-06-25,25.6400,25.9900,25.1400,25.2600,60483500
2003-06-24,25.6500,26.0400,25.5200,25.7000,51820300
2003-06-23,26.1400,26.2400,25.4900,25.7800,52584500
2003-06-20,26.3400,26.3800,26.0100,26.3300,86048900
2003-06-19,26.0900,26.3900,26.0100,26.0700,63626900
2003-06-18,25.9800,26.4300,25.7100,26.0700,89957700
2003-06-17,25.6400,26.1400,25.5300,25.9600,122213900
2003-06-16,24.8000,25.4200,24.6700,25.3900,69658600
2003-06-13,25.2000,25.2500,24.4900,24.6500,55157500
2003-06-12,24.9700,25.1400,24.7400,24.9900,66177700
2003-06-11,24.6700,24.9600,24.4200,24.8800,75768600
2003-06-10,23.9400,24.7500,23.8500,24.6800,80655300
2003-06-09,23.7200,23.9800,23.6000,23.7500,73610000
2003-06-06,24.4400,24.5600,23.6500,23.6700,119629400
2003-06-05,24.4700,24.5200,24.0100,24.0900,115877900
2003-06-04,24.9900,25.2200,24.7400,24.8700,83484600
2003-06-03,24.7500,24.9200,24.5700,24.8800,61058200
2003-06-02,24.9800,25.0300,24.5700,24.6400,66310800
2003-05-30,24.7300,24.9100,24.5100,24.6100,85096700
2003-05-29,24.4700,24.6700,24.2300,24.4000,75451300
2003-05-28,24.7800,24.8700,24.3000,24.4100,91467000
2003-05-27,24.2500,24.8900,24.2200,24.7900,68486800
2003-05-23,24.2000,24.5400,24.0300,24.2200,76968000
2003-05-22,24.2000,24.2700,24.0400,24.1600,93157100
2003-05-21,24.6300,24.7100,23.8900,24.0300,108960900
2003-05-20,24.8600,25.0000,24.5000,24.6300,52677600
2003-05-19,25.4000,25.5400,24.7400,24.7600,55336300
2003-05-16,25.8800,26.0500,25.4100,25.5700,60620900
2003-05-15,25.8500,26.0100,25.5700,25.7900,45450200
2003-05-14,26.0800,26.1800,25.5400,25.6200,45021000
2003-05-13,26.0400,26.2000,25.8900,25.9900,44501900
2003-05-12,26.1500,26.4700,26.0600,26.2000,53900800
2003-05-09,25.9000,26.5000,25.8900,26.3600,58913600
2003-05-08,25.7500,26.1400,25.7100,25.7400,46401400
2003-05-07,26.1100,26.3500,25.8400,25.9900,49120000
2003-05-06,25.8600,26.5000,25.8200,26.3700,54299500
2003-05-05,26.2500,26.3900,25.8400,25.8600,50391500
2003-05-02,25.6500,26.2900,25.5600,26.1000,52695400
2003-05-01,25.5400,25.9500,25.3400,25.7200,42085800
2003-04-30,25.7300,25.8800,25.2500,25.5700,55566800
2003-04-29,25.9500,26.2500,25.6800,25.8000,65877300
2003-04-28,25.3900,25.9400,25.3200,25.7400,56287600
2003-04-25,25.3300,25.6400,25.1700,25.2200,53657400
2003-04-24,25.4800,25.7200,25.3200,25.4900,51703600
2003-04-23,25.7500,25.9900,25.4700,25.7200,55559300
2003-04-22,25.0600,25.8000,25.0300,25.7600,58844000
2003-04-21,25.6100,25.6100,25.0800,25.2100,41557800
2003-04-17,24.7700,25.5400,24.7400,25.5000,58356600
2003-04-16,25.6000,25.7400,24.6000,24.9200,86178700
2003-04-15,24.6800,24.7900,24.1000,24.6000,63399000
2003-04-14,24.2700,24.8800,24.0000,24.7600,51599600
2003-04-11,24.8900,25.1800,23.9500,24.2000,71565500
2003-04-10,24.7100,24.7900,24.2800,24.5900,51608900
2003-04-09,25.6100,25.6700,24.5400,24.5700,76875800
2003-04-08,25.3100,25.8300,25.2000,25.5800,54132100
2003-04-07,26.2300,26.4300,25.1700,25.1700,65627100
2003-04-04,25.7600,25.8000,24.9300,25.0900,55740600
2003-04-03,25.9900,26.0900,25.6000,25.7300,57394300
2003-04-02,25.1000,26.0000,25.1000,25.7200,68282500
2003-04-01,24.4600,24.7000,24.2500,24.3500,49803200
2003-03-31,24.2500,24.7100,24.0100,24.2100,71384000
2003-03-28,24.6700,25.1000,24.6000,24.6700,39584600
2003-03-27,24.9400,25.2600,24.5900,25.0400,60043300
2003-03-26,25.4600,25.6200,25.2400,25.2500,51673600
2003-03-25,25.6000,25.7500,25.0300,25.4900,63595100
2003-03-24,25.5500,25.9300,25.1800,25.2900,61105200
2003-03-21,26.7500,26.8000,26.0300,26.5700,85586800
2003-03-20,26.0200,26.5200,25.6700,26.2500,71798500
2003-03-19,25.9800,26.4300,25.7400,26.3200,73652100
2003-03-18,25.8900,26.0400,25.5000,26.0400,78108800
2003-03-17,24.5200,25.9500,24.3300,25.9300,100983800
2003-03-14,24.6800,24.9600,24.2600,24.8600,75451400
2003-03-13,23.7200,24.7400,23.4400,24.6700,80701300
2003-03-12,22.8100,23.4400,22.5500,23.3900,72379500
2003-03-11,23.0600,23.2600,22.7600,22.8000,53990700
2003-03-10,23.3100,23.4600,22.8900,22.9500,48413600
2003-03-07,22.9500,23.7900,22.9000,23.5600,66167600
2003-03-06,23.1700,23.5000,23.1300,23.2700,54607600
2003-03-05,23.0700,23.5500,23.0500,23.4400,55415900
2003-03-04,23.5800,23.6600,23.0600,23.0700,56605700
2003-03-03,24.0200,24.1200,23.4000,23.5400,50653500
2003-02-28,23.7400,24.0700,23.5500,23.7000,56585400
2003-02-27,23.9000,24.2100,23.3000,23.5800,75434300
2003-02-26,24.0700,24.4700,23.5800,23.6100,57096000
2003-02-25,23.5400,24.2700,23.3800,24.1900,68113000
2003-02-24,24.4400,24.5000,23.8400,24.0700,62403700
2003-02-21,24.2900,24.8000,23.7000,24.6300,56853200
2003-02-20,24.7700,24.8700,24.1000,24.1400,50897200
2003-02-19,24.8200,24.8800,24.1700,24.5300,46902700
2003-02-18,24.6200,24.9900,24.4000,24.9600,28707750
2003-02-14,47.2500,48.5000,46.7700,48.3000,45223200
2003-02-13,46.4100,47.1200,46.1300,46.9900,36779100
2003-02-12,46.5500,47.1000,46.2600,46.4400,35657600
2003-02-11,47.3000,47.6700,46.0000,46.4400,42146000
2003-02-10,46.8000,47.5200,46.5400,47.3800,37040700
2003-02-07,47.8800,47.9500,46.4100,46.5800,37604000
2003-02-06,46.8600,47.6200,46.5600,47.4200,41656000
2003-02-05,47.8300,48.5300,46.7300,46.9600,50536000
2003-02-04,47.8000,47.9400,46.8800,47.3200,40927400
2003-02-03,47.9300,49.1000,47.4600,48.5600,40064900
2003-01-31,47.4500,48.3500,47.0300,47.4600,53429200
2003-01-30,50.1600,50.1700,48.1900,48.2400,43938700
2003-01-29,48.7300,50.0400,47.9300,49.9100,53442000
2003-01-28,49.6900,49.7000,48.5600,48.8200,43075600
2003-01-27,49.3200,50.6000,48.4100,49.1700,57419300
2003-01-24,52.0300,52.0500,49.7000,49.8500,51513500
2003-01-23,51.9500,52.5400,51.4600,52.2800,35687400
2003-01-22,51.5900,52.4000,50.9100,51.0000,43474000
2003-01-21,51.8700,52.1500,51.2900,51.3300,43079600
2003-01-17,52.9400,53.0000,51.3100,51.4600,77938000
2003-01-16,56.3200,56.6500,55.1100,55.3500,40685500
2003-01-15,57.0000,57.3200,56.1900,56.2700,29811300
2003-01-14,56.3300,57.0000,56.1900,56.9700,27103200
2003-01-13,56.5200,56.7500,55.7700,56.3900,30408900
2003-01-10,55.1000,56.3000,54.9000,55.9200,33865100
2003-01-09,54.7200,55.9200,54.5300,55.8100,30904000
2003-01-08,55.3700,55.5500,54.1100,54.2400,32283000
2003-01-07,54.9200,56.0100,54.6800,55.8000,40258700
2003-01-06,54.0200,55.2300,53.8000,54.7700,29728100
2003-01-03,53.5900,53.8000,52.8800,53.7900,27773400
2003-01-02,52.3000,53.7500,51.7100,53.7200,33512600
2002-12-31,52.7400,52.9900,51.2600,51.7000,29104400
2002-12-30,53.0100,53.2400,52.2700,52.7500,24009800
2002-12-27,53.2800,54.0000,52.9000,52.9700,20445800
2002-12-26,54.0300,54.6900,53.1700,53.3900,18614000
2002-12-24,53.5400,54.2300,53.5200,53.8200,9193000
2002-12-23,53.0500,54.2800,52.9000,54.0000,24399200
2002-12-20,53.4900,53.7200,52.9500,53.0400,49147300
2002-12-19,53.2500,54.7500,52.8800,53.1100,41343300
2002-12-18,53.8400,54.4000,52.7900,53.5300,31354700
2002-12-17,54.4200,54.9900,53.7800,54.3600,24774900
2002-12-16,53.0000,54.5500,52.6700,54.4800,30070200
2002-12-13,53.6800,53.7500,52.4900,52.5000,32622700
2002-12-12,55.0000,55.0600,53.6900,54.1700,27621000
2002-12-11,53.8500,55.0100,53.5800,54.6600,34593100
2002-12-10,53.5600,54.4800,53.4800,54.0100,31865100
2002-12-09,55.0000,55.2200,53.5100,53.5300,31931400
2002-12-06,54.8700,55.7400,54.2200,55.4700,35835100
2002-12-05,56.9500,57.0900,55.3000,55.3400,34217900
2002-12-04,56.1300,57.4400,55.8200,56.5400,41946000
2002-12-03,57.2800,57.3500,56.4100,56.7100,29228700
2002-12-02,58.6500,58.9600,57.0100,57.6900,31867500
2002-11-29,58.4300,58.6300,57.6800,57.6800,14196500
2002-11-27,57.6000,58.6100,57.4000,58.0800,27595900
2002-11-26,57.6400,58.2500,56.7800,56.9000,34325200
2002-11-25,58.0600,58.6400,57.5700,58.2300,30791500
2002-11-22,57.4500,58.3000,57.0500,58.2200,35001000
2002-11-21,56.9800,58.0000,56.7800,57.8400,41461100
2002-11-20,55.0100,56.9000,54.9300,56.6200,38217700
2002-11-19,55.5500,55.8000,54.3100,54.8600,38201700
2002-11-18,56.9500,57.0300,55.7400,55.8500,29043200
2002-11-15,56.6000,56.9200,55.6700,56.6900,38766800
2002-11-14,55.9900,57.0000,55.8700,56.9900,39168500
2002-11-13,54.2400,55.9300,54.1100,55.3600,53685100
2002-11-12,54.1000,55.4300,53.9000,54.5100,40699300
2002-11-11,55.0700,55.1000,53.8200,53.8600,29170600
2002-11-08,56.0000,56.5500,55.0100,55.1000,32261100
2002-11-07,56.2000,56.6200,55.5000,56.0100,36849800
2002-11-06,56.9900,57.1000,55.5300,57.0300,57703500
2002-11-05,55.7800,56.8000,55.5800,56.6800,38329100
2002-11-04,56.7500,57.2500,55.5200,56.1000,69982100
2002-11-01,52.4300,53.2400,51.9000,53.0000,52548900
2002-10-31,53.1900,54.0700,52.8500,53.4700,52986900
2002-10-30,52.2000,53.3900,51.6300,53.1100,47225600
2002-10-29,52.1500,52.4900,50.8500,52.0700,45258600
2002-10-28,53.4000,53.5000,51.5100,51.9500,39953300
2002-10-25,51.2500,52.8000,51.1600,52.6800,37712900
2002-10-24,53.3600,53.3700,50.9000,51.2300,47916700
2002-10-23,51.4300,53.2600,51.4300,53.2000,55433300
2002-10-22,51.4300,51.9300,51.0300,51.6700,43579500
2002-10-21,51.9700,52.9900,51.3600,52.5100,56189300
2002-10-18,52.6000,53.2000,51.1400,53.1500,76408600
2002-10-17,52.2800,52.5000,50.0500,50.7700,91301200
2002-10-16,50.3900,51.2600,50.2800,50.4100,47718700
2002-10-15,51.2600,52.3700,50.6500,52.2900,66687100
2002-10-14,48.2500,49.3300,47.8400,49.2900,38108100
2002-10-11,47.3600,48.9000,47.0100,48.8700,54414400
2002-10-10,44.0000,46.6200,43.2500,46.3800,59257500
2002-10-09,44.2300,45.4500,43.8100,43.9900,61571300
2002-10-08,44.7500,45.9800,44.1300,44.9900,57833800
2002-10-07,43.8100,45.0600,43.6900,44.0500,44895000
2002-10-04,45.3900,45.5700,43.6900,43.7700,53560200
2002-10-03,45.3000,46.5900,44.6000,44.8000,52610700
2002-10-02,46.1000,46.8100,45.1600,45.6100,51744300
2002-10-01,44.3200,46.2500,43.1900,46.2300,55318300
2002-09-30,44.8700,45.0400,43.1100,43.7400,57788500
2002-09-27,46.0400,47.1000,45.1900,45.2500,40505800
2002-09-26,47.1100,47.5000,45.9500,46.2000,50426100
2002-09-25,46.4000,46.9600,45.0500,46.5100,53558300
2002-09-24,44.8300,46.4800,44.6300,45.6400,52071100
2002-09-23,46.6000,46.7100,44.8100,45.2300,44891900
2002-09-20,47.7100,48.0000,47.3000,47.4600,65309600
2002-09-19,46.6800,47.8200,46.5900,47.2000,38888800
2002-09-18,46.7200,48.2400,46.6600,47.7500,41975900
2002-09-17,48.6700,48.9000,47.2100,47.2900,36671700
2002-09-16,47.6000,48.1300,47.0500,47.7800,25083100
2002-09-13,46.9000,48.2600,46.8500,47.9100,29774600
2002-09-12,48.1500,48.3000,47.0200,47.1500,31863400
2002-09-11,50.2300,51.1000,48.5300,48.5800,38721600
2002-09-10,48.5400,49.8200,48.3500,49.7900,41975000
2002-09-09,47.2500,48.9500,46.6300,48.7000,40826600
2002-09-06,47.7500,48.2700,47.4700,47.8200,34959200
2002-09-05,47.5000,47.5200,45.8800,45.9100,45219400
2002-09-04,47.4500,48.6000,47.1500,48.2100,40116000
2002-09-03,48.5200,48.5200,47.0000,47.0200,37226300
2002-08-30,50.1400,50.4800,49.0000,49.0800,29069200
2002-08-29,48.8900,51.0000,48.5200,50.5800,47137800
2002-08-28,50.4800,50.6600,49.3000,49.3800,34437500
2002-08-27,52.3300,52.4500,50.6500,50.8400,32735100
2002-08-26,52.5000,52.6500,51.1800,52.1000,27826200
2002-08-23,52.6600,52.8500,51.8400,52.2200,28964600
2002-08-22,52.8500,53.4500,52.6000,53.2300,36258800
2002-08-21,51.5600,52.3800,51.1500,52.2800,40601700
2002-08-20,51.3800,51.7000,50.7500,51.0400,35158800
2002-08-19,50.0400,52.0500,49.8500,52.0000,39924100
2002-08-16,49.4300,50.2300,48.9200,50.0000,34667000
2002-08-15,49.9600,50.7400,48.7500,49.7700,49372800
2002-08-14,47.2500,49.7300,47.2100,49.7100,48353000
2002-08-13,47.9900,49.7000,46.9200,47.0600,50061400
2002-08-12,47.6100,48.7500,47.6000,48.4700,28433300
2002-08-09,48.1500,49.1500,47.6600,48.1200,34524700
2002-08-08,47.1100,49.0000,46.4100,48.9100,44374000
2002-08-07,47.0000,47.3000,45.1600,47.0900,43174700
2002-08-06,44.9000,47.2500,44.8400,45.6700,44357900
2002-08-05,44.2900,45.1700,43.8100,43.9900,39470800
2002-08-02,45.5100,45.8500,43.8000,44.4100,42973800
2002-08-01,47.5800,48.0900,45.5000,45.7500,46001400
2002-07-31,47.6100,48.0000,46.3600,47.9800,46937800
2002-07-30,47.5500,48.8300,47.3300,48.1000,61345300
2002-07-29,46.8500,48.3000,46.5500,48.2500,56074300
2002-07-26,43.7400,45.4100,43.6800,45.3500,61769000
2002-07-25,45.4500,45.7100,42.4400,42.8300,81705700
2002-07-24,41.7500,46.3600,41.4100,46.2300,101153900
2002-07-23,46.4900,46.8000,42.9700,43.0100,84030800
2002-07-22,48.9500,49.9900,45.9000,47.5100,90034900
2002-07-19,49.8700,50.8900,48.8100,49.5600,56271700
2002-07-18,52.0600,52.7400,50.6600,51.1100,45526800
2002-07-17,52.5200,53.3000,51.1700,52.0000,49017400
2002-07-16,51.3100,52.8000,50.6400,51.2500,48577300
2002-07-15,51.3900,51.8600,48.0000,51.8000,68482800
2002-07-12,53.3700,53.7300,51.4800,51.8600,47866900
2002-07-11,52.0400,53.0700,51.2500,52.9100,64775300
2002-07-10,53.6900,54.2000,52.1300,52.2400,45336700
2002-07-09,53.3100,54.7300,52.9700,53.2100,42638600
2002-07-08,54.4100,54.9300,52.5800,52.9200,31599700
2002-07-05,53.0900,54.9000,53.0500,54.8500,17836800
2002-07-03,51.2400,52.5200,50.4500,51.8400,40468300
2002-07-02,52.3800,52.9200,51.3300,51.4400,41407100
2002-07-01,54.1200,54.3900,52.5800,52.6600,33236900
2002-06-28,54.5500,55.7900,54.0000,54.7000,44777800
2002-06-27,54.6000,54.9400,52.8600,54.9200,47906200
2002-06-26,51.0500,54.3900,51.0500,54.1300,56065700
2002-06-25,54.7000,55.0000,52.8000,52.9500,42012600
2002-06-24,52.0900,54.6400,51.8500,54.1600,52261600
2002-06-21,53.4000,54.5500,52.2800,52.2800,58410000
2002-06-20,54.3700,55.1000,53.9000,54.1000,43200600
2002-06-19,55.4700,55.9400,54.3200,54.3600,40623500
2002-06-18,55.5300,56.2900,55.3500,55.9900,38759200
2002-06-17,55.6600,56.4400,55.3700,55.6800,47243300
2002-06-14,53.1500,55.5500,53.0000,55.2500,54716800
2002-06-13,54.8400,55.4800,54.2000,54.2200,39885800
2002-06-12,52.5800,55.7800,52.5000,55.5400,68099300
2002-06-11,53.2400,54.1800,52.4200,52.5700,37184100
2002-06-10,51.6500,53.3000,51.4600,52.8200,35912700
2002-06-07,49.8900,52.6000,49.8600,51.9800,48917200
2002-06-06,51.5000,52.1400,50.0000,51.9000,39351700
2002-06-05,50.4300,51.7500,50.3300,51.6600,33484700
2002-06-04,49.5000,51.2300,49.2400,49.9800,44004200
2002-06-03,50.9900,51.6400,49.1700,49.4200,44219500
2002-05-31,52.9000,53.4200,50.8800,50.9100,33234000
2002-05-30,51.6400,53.3600,51.4300,52.6400,31606500
2002-05-29,51.6500,52.7200,51.5500,52.0500,22696600
2002-05-28,53.5900,53.6900,51.7500,52.3200,24801000
2002-05-24,54.1400,54.5200,53.0400,53.2600,17991000
2002-05-23,53.7000,54.8400,53.0100,54.8200,25706400
2002-05-22,51.8700,53.7200,51.8500,53.6900,27084700
2002-05-21,53.9500,54.6000,52.1300,52.1900,31560000
2002-05-20,55.5000,55.5500,53.5000,54.0100,26057900
2002-05-17,56.2100,56.4000,55.2700,56.0300,27323100
2002-05-16,54.7100,56.0300,54.6500,55.7400,26703200
2002-05-15,54.4900,56.4400,53.8600,54.7500,35206000
2002-05-14,54.4000,55.1000,53.9800,54.8800,32416200
2002-05-13,50.4500,52.9100,49.7500,52.6900,32409500
2002-05-10,52.5300,52.6700,49.9900,50.0500,32204400
2002-05-09,54.4000,55.0000,51.9000,52.1200,41644100
2002-05-08,51.2700,54.9700,51.2200,54.9700,50621000
2002-05-07,49.1800,50.2900,48.3500,49.4700,44192700
2002-05-06,49.4400,50.5400,48.3700,48.6200,33149700
2002-05-03,51.2600,51.6800,49.5100,49.5600,35814000
2002-05-02,52.6400,54.0700,51.1500,51.2100,39504600
2002-05-01,52.1600,53.1900,50.6600,52.7500,38206500
2002-04-30,52.1000,53.3000,51.9200,52.2600,38692000
2002-04-29,51.4700,52.9100,51.4400,52.2400,35123000
2002-04-26,54.0700,54.4500,51.4600,51.5000,31388300
2002-04-25,52.9000,54.4500,52.8800,53.7300,28645200
2002-04-24,53.8500,54.4300,53.0000,53.0200,30610200
2002-04-23,55.7000,55.8200,53.3000,53.9900,34140700
2002-04-22,56.5200,56.7000,55.0000,55.5900,25732600
2002-04-19,57.4400,57.9800,56.8600,57.2000,52134300
2002-04-18,56.7900,57.3100,52.6800,56.3700,37397400
2002-04-17,57.9500,58.2800,56.4200,56.6300,27579300
2002-04-16,56.4000,58.1000,56.3600,57.8100,25960800
2002-04-15,56.0000,56.7500,55.4000,55.6900,23694400
2002-04-12,55.1500,56.2600,54.8600,55.9300,26148800
2002-04-11,55.8900,56.4500,54.5000,54.7900,29082900
2002-04-10,55.1200,57.1100,55.0600,56.3000,37818200
2002-04-09,57.3300,57.4300,54.8000,54.8700,31706500
2002-04-08,54.3000,57.3100,54.2600,57.2200,36694800
2002-04-05,56.8900,57.3000,55.8400,55.8700,25083000
2002-04-04,55.9800,56.9700,55.4200,56.4500,30881900
2002-04-03,57.4400,57.6100,55.5000,56.3300,38465700
2002-04-02,58.9000,59.0900,57.1100,57.2800,38254700
2002-04-01,59.8300,60.4000,59.2000,60.3800,23505000
2002-03-28,59.9500,60.6500,59.6600,60.3100,21950600
2002-03-27,58.8000,59.8800,58.5900,59.4400,23659200
2002-03-26,59.1000,60.9200,58.3100,59.0800,34678600
2002-03-25,60.4800,60.7800,59.1500,59.2300,23876200
2002-03-22,61.0500,61.1400,60.2200,60.4500,20670700
2002-03-21,60.2100,61.5900,59.8300,61.3600,23061700
2002-03-20,61.4000,62.0200,60.1000,60.1000,27617600
2002-03-19,62.1800,63.0000,61.5000,62.2300,18188200
2002-03-18,62.7400,62.9900,61.2000,62.1400,26148400
2002-03-15,61.0000,62.5100,60.9700,62.4900,34543400
2002-03-14,62.1400,62.2400,61.0500,61.2200,25909800
2002-03-13,62.0800,63.0200,61.9500,62.1000,22193700
2002-03-12,62.5200,62.8000,61.6700,62.5400,33203600
2002-03-11,63.5100,65.0000,63.0000,64.3400,21859100
2002-03-08,63.6300,64.7000,63.1700,63.9500,28850900
2002-03-07,63.6700,63.8800,61.8600,62.7200,29039600
2002-03-06,62.9100,63.7000,62.1900,63.6300,24917700
2002-03-05,63.0000,63.8800,62.3400,63.0800,27963200
2002-03-04,61.2400,63.5000,60.8700,63.3000,37232100
2002-03-01,59.0500,61.4200,58.8500,61.3700,31057800
2002-02-28,58.7800,59.7000,58.1400,58.3400,34034000
2002-02-27,59.0700,60.1500,57.9900,58.3900,32875000
2002-02-26,59.1000,60.0000,57.9000,58.5500,31638100
2002-02-25,57.9400,59.8900,57.8900,59.0800,25916100
2002-02-22,58.0500,58.7500,57.1500,57.9900,35673900
2002-02-21,59.7200,60.2700,58.0100,58.0500,29699200
2002-02-20,59.4000,60.3600,58.8000,59.9000,25246000
2002-02-19,59.9100,60.1400,58.6000,58.9300,26131300
2002-02-15,61.7000,62.0600,60.2000,60.2300,25089900
2002-02-14,62.0000,62.9900,61.3200,61.6800,28633500
2002-02-13,60.2600,61.8800,59.9500,61.8200,27084300
2002-02-12,60.4900,60.8500,60.0200,60.1400,22486900
2002-02-11,60.0100,61.2400,59.5900,61.1300,25449800
2002-02-08,60.1200,60.6600,58.8300,60.6500,30641500
2002-02-07,60.3000,61.6100,59.7500,59.8000,31657000
2002-02-06,61.6100,61.8900,60.2500,60.4000,33051500
2002-02-05,60.8000,62.2300,60.5000,61.1500,33386300
2002-02-04,62.4000,62.6900,60.7500,61.1200,35154200
2002-02-01,64.1500,64.5000,62.4700,62.6600,31731100
2002-01-31,63.0600,63.8100,62.1200,63.7100,34783100
2002-01-30,62.4500,62.9000,61.3300,62.8500,33050000
2002-01-29,63.9000,64.5000,61.9900,62.3200,29333000
2002-01-28,64.2300,64.4000,62.9100,63.8200,20811000
2002-01-25,64.1900,64.8500,63.5100,63.8000,24490600
2002-01-24,64.1000,65.1800,63.8000,64.6000,41943000
2002-01-23,64.0500,64.7100,63.2400,63.7400,40201500
2002-01-22,66.6100,66.6300,64.2500,64.4600,38418600
2002-01-18,67.1000,67.8500,65.4200,66.1000,53570200
2002-01-17,68.5300,70.0000,68.4000,69.8600,39479000
2002-01-16,68.8500,69.8400,67.8500,67.8700,30977700
2002-01-15,68.6600,69.6200,68.5000,69.5500,30358700
2002-01-14,68.3000,69.0400,67.7400,68.4700,25498900
2002-01-11,69.5200,70.3200,68.1000,68.6100,36496600
2002-01-10,68.4800,69.8000,68.1300,69.2800,25148300
2002-01-09,69.7200,70.6200,68.5500,68.7100,38152000
2002-01-08,68.6900,69.8600,68.0000,69.3800,23868200
2002-01-07,69.7500,70.0200,68.3500,68.5600,29254400
2002-01-04,69.2500,69.9100,68.6700,68.9000,26365700
2002-01-03,67.1100,69.2500,67.0900,69.2300,33795400
2002-01-02,66.6500,67.1100,65.5100,67.0400,24062000
2001-12-31,67.8400,68.4800,66.2500,66.2500,21503100
2001-12-28,68.2300,68.8500,67.7000,67.8700,14393600
2001-12-27,67.9800,68.7100,67.2600,67.8500,16203300
2001-12-26,67.4200,69.0700,67.3900,67.6800,14664000
2001-12-24,67.7200,68.0300,67.2000,67.2700,5850800
2001-12-21,68.0100,68.0200,67.0000,67.5400,42153800
2001-12-20,69.1500,69.2500,66.6200,66.7600,39292500
2001-12-19,68.6200,69.8900,68.4500,69.4900,28498100
2001-12-18,68.9200,69.4000,68.6000,69.2700,23627600
2001-12-17,67.1700,69.1100,67.1600,68.9800,28539900
2001-12-14,66.0200,67.9500,65.9300,67.4400,21500300
2001-12-13,67.1300,68.2400,66.0700,66.2700,26613900
2001-12-12,67.1600,67.9800,66.2500,67.9500,23942100
2001-12-11,67.6600,68.1300,67.0700,67.3200,27167000
2001-12-10,67.5200,68.4500,66.8600,67.0600,19183700
2001-12-07,68.2500,68.8400,66.5500,67.8300,21167400
2001-12-06,67.9800,69.0000,67.5500,68.6500,28013100
2001-12-05,66.4900,68.1700,65.2000,68.1000,37121500
2001-12-04,65.0000,66.0800,64.1000,66.0000,25502900
2001-12-03,63.8300,65.2300,63.8000,64.7700,23605900
2001-11-30,64.6600,65.0800,63.9300,64.2100,24117100
2001-11-29,63.1200,64.9000,62.9500,64.8400,27017200
2001-11-28,63.1700,64.1200,62.7300,62.8000,27268300
2001-11-27,64.7900,65.0700,62.7500,63.7400,45409500
2001-11-26,64.9900,65.7100,64.4000,65.1400,20991800
2001-11-23,64.3800,64.8100,63.6200,64.7100,7877300
2001-11-21,64.3600,64.6000,63.4800,64.0500,25392600
2001-11-20,66.4500,67.8000,65.0300,65.4000,32960900
2001-11-19,66.2500,66.9700,65.7000,66.5400,28002500
2001-11-16,66.3600,66.6100,64.9500,65.7500,29624500
2001-11-15,66.1000,67.0500,65.4500,66.1200,38961000
2001-11-14,68.2300,68.3400,65.7900,65.9500,44312800
2001-11-13,66.8000,67.9500,66.6000,67.9000,30079800
2001-11-12,64.7000,66.4400,63.6500,65.7900,28876400
2001-11-09,64.3400,65.6500,63.9100,65.2100,24006800
2001-11-08,64.4600,66.0600,63.6600,64.4200,37113900
2001-11-07,64.2200,65.0500,64.0300,64.2500,29449500
2001-11-06,62.7000,64.9400,62.1600,64.7800,34306000
2001-11-05,61.8600,64.0300,61.7500,63.2700,33200800
2001-11-02,61.9300,63.0200,60.5100,61.4000,41680000
2001-11-01,60.0800,62.2500,59.6000,61.8400,54835600
2001-10-31,59.3000,60.7300,58.1000,58.1500,32350000
2001-10-30,58.9200,59.5400,58.1900,58.8800,28697800
2001-10-29,62.1000,62.2000,59.5400,59.6400,27564700
2001-10-26,62.3200,63.6300,62.0800,62.2000,32254700
2001-10-25,60.6100,62.6000,59.5700,62.5600,37659100
2001-10-24,60.5000,61.6200,59.6200,61.3200,39570700
2001-10-23,60.4700,61.4400,59.4000,60.4300,40162500
2001-10-22,57.9000,60.1800,57.4700,60.1600,36161800
2001-10-19,57.4000,58.0100,55.6300,57.9000,45609800
2001-10-18,56.3400,57.5800,55.5000,56.7500,39174000
2001-10-17,59.1200,59.3000,55.9800,56.0300,36855300
2001-10-16,57.8700,58.9100,57.2100,58.4500,33084500
2001-10-15,55.9000,58.5000,55.8500,58.0600,34218500
2001-10-12,55.7000,56.6400,54.5500,56.3800,31653500
2001-10-11,55.7600,56.8400,54.5900,56.3200,41871300
2001-10-10,53.6000,55.7500,53.0000,55.5100,43174600
2001-10-09,57.5000,57.5700,54.1900,54.5600,49738800
2001-10-08,56.8000,58.6500,56.7400,58.0400,30302900
2001-10-05,56.1600,58.0000,54.9400,57.7200,40422200
2001-10-04,56.9200,58.4000,56.2100,56.4400,50889000
2001-10-03,52.4800,56.9300,52.4000,56.2300,48599600
2001-10-02,51.6300,53.5500,51.5600,53.0500,40430400
2001-10-01,50.9400,52.5000,50.4100,51.7900,34999800
2001-09-28,49.6200,51.5900,48.9800,51.1700,58320600
2001-09-27,50.1000,50.6800,48.0000,49.9600,40595600
2001-09-26,51.5100,51.8000,49.5500,50.2700,29262200
2001-09-25,52.2700,53.0000,50.1600,51.3000,42470300
2001-09-24,50.6500,52.4500,49.8700,52.0100,42790100
2001-09-21,47.9200,50.6000,47.5000,49.7100,92488300
2001-09-20,52.3500,52.6100,50.6700,50.7600,58991600
2001-09-19,54.4600,54.7000,50.6000,53.8700,63475100
2001-09-18,53.4100,55.0000,53.1700,54.3200,41591300
2001-09-17,54.0200,55.1000,52.8000,52.9100,63751000
2001-09-10,54.9200,57.9500,54.7000,57.5800,42235900
2001-09-07,56.1100,57.3600,55.3100,55.4000,44931900
2001-09-06,56.5600,58.3900,55.9000,56.0200,56178400
2001-09-05,56.1800,58.3900,55.3900,57.7400,44735300
2001-09-04,57.1900,59.0800,56.0700,56.1000,33594600
2001-08-31,56.8500,58.0600,56.3000,57.0500,28950400
2001-08-30,59.0400,59.6600,56.5200,56.9400,48816000
2001-08-29,61.0500,61.3000,59.5400,60.2500,24085000
2001-08-28,62.3400,62.9500,60.5800,60.7400,23711400
2001-08-27,61.9000,63.3600,61.5700,62.3100,22281400
2001-08-24,59.6000,62.2800,59.2300,62.0500,31699500
2001-08-23,60.6700,61.5300,59.0000,59.1200,25906600
2001-08-22,61.1300,61.1500,59.0800,60.6600,39053600
2001-08-21,62.7000,63.2000,60.7100,60.7800,23555900
2001-08-20,61.6600,62.7500,61.1000,62.7000,24185600
2001-08-17,63.7800,64.1300,61.5000,61.8800,26117100
2001-08-16,62.8400,64.7100,62.7000,64.6200,21952800
2001-08-15,64.7100,65.0500,63.2000,63.2000,19751500
2001-08-14,65.7500,66.0900,64.4500,64.6900,18240600
2001-08-13,65.2400,65.9900,64.7500,65.8300,16337700
2001-08-10,64.7700,65.8600,62.9000,65.5200,25878200
2001-08-09,64.9800,65.5500,64.3000,65.0100,22768100
2001-08-08,66.5100,67.2400,64.4900,64.8600,27498200
2001-08-07,66.0400,67.0500,65.9900,66.3500,15673900
2001-08-06,66.5300,67.1200,65.6800,66.1300,13915800
2001-08-03,67.3000,67.3600,66.0000,66.8900,21630200
2001-08-02,67.2100,67.5400,66.2600,67.4500,27099200
2001-08-01,66.8000,66.8100,65.7600,66.4700,27839500
2001-07-31,66.0100,67.3900,65.8500,66.1900,29515800
2001-07-30,65.6500,66.8800,65.5400,65.8000,21098200
2001-07-27,66.0500,66.2500,65.0500,65.4700,32698000
2001-07-26,67.1200,67.3200,65.5000,66.5900,38987000
2001-07-25,66.2600,67.5200,65.6100,67.4800,37032700
2001-07-24,67.0000,67.9900,65.7000,66.3200,33765100
2001-07-23,69.2400,69.2400,66.3500,67.0900,39999700
2001-07-20,68.0300,69.4000,67.9400,69.1800,62101800
2001-07-19,71.2200,73.0000,71.2200,72.5700,38274700
2001-07-18,70.6000,71.5000,69.8700,70.5700,28795400
2001-07-17,70.6600,72.0100,70.1400,71.8200,31620500
2001-07-16,71.4500,72.1600,70.1500,71.1800,27995400
2001-07-13,71.4000,72.0000,70.9400,71.3400,29467300
2001-07-12,70.7000,72.0500,70.3300,71.6000,64039000
2001-07-11,64.2100,66.7500,64.2000,66.5000,36911300
2001-07-10,65.9000,66.2500,64.3500,64.4800,33281300
2001-07-09,66.2000,66.9100,65.0400,65.6900,33238300
2001-07-06,68.3000,68.4000,65.6700,66.0600,33733900
2001-07-05,70.2200,70.7200,68.4400,68.5100,24621300
2001-07-03,70.3000,70.8000,69.9300,70.4700,14018700
2001-07-02,72.0500,73.1500,70.1500,70.6000,36405100
2001-06-29,72.6000,73.4100,71.4000,73.0000,47141900
2001-06-28,71.5500,76.1500,70.5300,72.7400,64487800
2001-06-27,69.8600,71.5300,69.3600,71.1400,34599900
2001-06-26,67.8200,70.2100,67.7000,70.1400,31538500
2001-06-25,69.1000,69.8100,67.7700,68.8500,24607800
2001-06-22,70.0000,70.6100,68.5800,68.8300,25546000
2001-06-21,69.1500,70.5500,68.9200,69.8400,34801900
2001-06-20,67.1400,69.5900,67.1000,69.4100,32054200
2001-06-19,68.2100,68.8500,66.8500,67.3200,31728700
2001-06-18,67.9500,67.9600,66.0100,66.8800,28423400
2001-06-15,67.5100,68.3000,66.4000,68.0200,54177200
2001-06-14,70.2200,70.5500,68.4000,68.9000,35986200
2001-06-13,72.0500,72.3000,70.6400,70.6900,27651200
2001-06-12,71.0200,72.4100,70.8100,72.0800,33357300
2001-06-11,72.8500,72.8500,71.5100,72.1200,23672800
2001-06-08,73.7000,73.7500,72.0500,73.1900,25933500
2001-06-07,72.1200,73.7300,72.0800,73.6800,33480000
2001-06-06,72.8900,73.4800,71.5500,72.3600,40011400
2001-06-05,70.7600,73.0800,70.5000,72.6000,44727100
2001-06-04,70.5500,71.0200,69.8000,70.7800,21868300
2001-06-01,69.6000,70.7000,68.7000,70.3400,28793800
2001-05-31,69.4900,70.3800,68.4000,69.1800,35341300
2001-05-30,69.5600,70.5800,68.6500,69.1900,43250900
2001-05-29,70.8000,71.7500,70.0500,70.3400,35605400
2001-05-25,71.6600,71.9000,70.3600,70.9100,26373800
2001-05-24,69.9400,71.7800,69.2700,71.7200,40390800
2001-05-23,70.3900,71.6000,69.5100,69.7000,46818700
2001-05-22,69.4500,70.3500,69.1800,70.3100,41727800
2001-05-21,68.0500,69.9900,67.7500,68.7900,51745800
2001-05-18,67.6900,69.2000,67.2500,68.0900,45302700
2001-05-17,69.1000,70.1400,67.5500,68.1700,53492400
2001-05-16,67.7000,69.8800,67.3300,69.1600,45946900
2001-05-15,68.7400,69.3000,68.0000,68.2700,30692800
2001-05-14,69.1300,69.2000,68.3000,68.7200,22484000
2001-05-11,69.9600,70.0000,68.6500,69.4000,25564400
2001-05-10,71.1300,71.2400,69.9600,70.0000,32167300
2001-05-09,71.2400,71.3000,69.8600,70.4000,38338300
2001-05-08,71.7500,72.1000,70.7500,72.0600,37542000
2001-05-07,70.8300,72.1500,70.7000,71.3800,54678100
2001-05-04,68.0000,71.0500,67.9600,70.7500,59769200
2001-05-03,69.2500,70.1800,68.1400,68.5300,33136700
2001-05-02,71.0000,71.1500,69.3500,69.7600,46432200
2001-05-01,67.6600,70.3000,67.6000,70.1700,41851400
2001-04-30,68.5300,69.0600,67.6800,67.7500,37184100
2001-04-27,69.5300,69.6800,66.2100,67.1200,60786200
2001-04-26,70.0700,71.0000,68.2500,69.1300,59368800
2001-04-25,67.5700,69.7900,67.2500,69.6900,38372000
2001-04-24,68.2000,69.9300,67.1400,67.5500,44588300
2001-04-23,68.1100,68.4700,66.9000,68.2500,46085600
2001-04-20,70.3000,71.1000,68.5000,69.0000,96459800
2001-04-19,65.8100,69.0000,65.7500,68.0400,79687800
2001-04-18,63.3900,66.3100,63.0000,65.4300,78348200
2001-04-17,60.5200,62.1100,60.0400,61.4800,42574600
2001-04-16,61.4000,61.5800,60.1200,60.7900,32928700
2001-04-12,59.5600,62.3100,59.3500,62.1800,43760000
2001-04-11,60.6500,61.5000,59.7000,60.0400,54939800
2001-04-10,57.9500,60.0900,57.7800,59.6800,54599700
2001-04-09,56.5700,57.4200,55.6600,57.1500,28147800
2001-04-06,56.3800,57.1900,55.0600,56.1900,46311000
2001-04-05,53.7500,57.3800,53.5000,56.7500,56682000
2001-04-04,53.3800,55.0000,51.0600,51.9400,52023300
2001-04-03,55.3100,55.3100,52.7500,53.3800,47093800
2001-04-02,54.8100,56.9400,54.6300,55.8100,37962000
2001-03-30,55.7500,56.1900,53.8800,54.6900,45600800
2001-03-29,55.3800,57.1900,54.5600,55.3800,43492500
2001-03-28,57.3800,57.9400,55.3800,55.5600,39340800
2001-03-27,56.0600,58.5600,55.8800,58.2500,47567800
2001-03-26,57.1300,57.5000,55.5600,56.0600,31559300
2001-03-23,54.9400,57.0000,54.3800,56.5600,49759800
2001-03-22,50.5600,54.0600,50.5000,54.0000,63181600
2001-03-21,52.2500,53.2500,49.7500,50.0600,62494300
2001-03-20,54.5600,56.1300,52.6300,52.6900,45911400
2001-03-19,54.5000,55.5000,53.1300,54.3100,30518200
2001-03-16,52.5000,55.1300,52.4800,54.5600,56424400
2001-03-15,55.3100,56.0800,53.5000,53.6900,35819200
2001-03-14,52.5000,55.2500,52.1900,54.0000,45343100
2001-03-13,52.1900,54.7500,52.0000,54.1900,45517800
2001-03-12,54.6900,55.0000,51.6300,51.9400,57188000
2001-03-09,57.9400,58.1900,54.8800,56.6900,51897200
2001-03-08,60.3100,60.5900,58.4400,59.2500,27313000
2001-03-07,59.8800,61.1300,59.3100,60.6900,29871800
2001-03-06,58.6300,60.0000,58.3800,59.4400,33390900
2001-03-05,57.2500,58.6300,56.5600,57.4400,24691800
2001-03-02,57.5000,58.1300,56.4400,56.6900,39900400
2001-03-01,58.5600,59.5000,56.2500,59.3600,40890800
2001-02-28,59.5600,60.0800,58.1900,59.0000,42304200
2001-02-27,59.3800,61.1900,58.6700,59.3800,49574300
2001-02-26,57.6300,59.9400,57.3800,59.5600,43968400
2001-02-23,54.4400,57.5000,54.3100,56.7500,46310300
2001-02-22,56.3100,56.8100,53.8800,55.1900,50408200
2001-02-21,55.2500,58.0600,55.1900,56.2500,31973600
2001-02-20,57.3800,58.2500,55.3800,55.8800,30365400
2001-02-16,57.0000,58.2500,56.1300,57.3100,33479200
2001-02-15,59.0000,60.1900,57.8800,58.8100,32813900
2001-02-14,57.6300,59.0000,56.3800,58.3800,30864200
2001-02-13,59.6300,61.0600,58.1300,58.1900,38035300
2001-02-12,58.8100,59.4400,57.1900,58.7500,35644700
2001-02-09,61.3100,61.5600,58.5000,59.1300,50287600
2001-02-08,63.7500,64.5000,62.0000,62.2500,44020600
2001-02-07,62.0000,65.0600,61.8100,64.6900,63030900
2001-02-06,62.0600,63.8100,61.6900,62.5600,48221000
2001-02-05,60.7500,62.0600,60.2500,61.9400,25699600
2001-02-02,62.5000,63.3800,60.7500,60.8100,35550000
2001-02-01,60.8100,62.6300,60.3800,62.3800,35896400
2001-01-31,63.0000,63.7500,61.0000,61.0600,40949400
2001-01-30,64.5000,64.7500,62.8800,63.3800,28638400
2001-01-29,63.5600,64.6200,63.5000,64.5000,42491900
2001-01-26,61.0000,64.3100,61.0000,64.0000,46540000
2001-01-25,62.7500,64.0000,61.5600,61.8100,42828700
2001-01-24,61.0000,63.4400,60.7500,62.9400,55227500
2001-01-23,59.7500,60.9400,58.9400,60.5600,35147600
2001-01-22,60.7500,61.0000,59.0000,60.1300,38336500
2001-01-19,60.0000,61.4400,58.8800,61.0000,104674400
2001-01-18,53.6900,56.1900,52.6300,55.5000,54894400
2001-01-17,53.6300,54.8800,52.5600,52.9400,36422100
2001-01-16,53.3800,53.5000,51.1300,52.5600,34231200
2001-01-12,54.8800,55.0000,52.5000,53.5000,36856000
2001-01-11,53.0000,55.7500,52.3100,55.0000,50927400
2001-01-10,51.0000,53.8100,50.7500,52.8800,45115100
2001-01-09,50.0000,52.6300,49.7500,51.8100,57482700
2001-01-08,48.9400,49.7500,46.6900,48.9400,39908800
2001-01-05,48.5000,49.8800,47.5600,49.1300,46707300
2001-01-04,47.8100,50.5000,46.8800,48.4400,56198500
2001-01-03,43.1900,48.8800,43.1300,47.9400,67981100
2001-01-02,44.1300,45.0000,42.8800,43.3800,41206600
2000-12-29,43.9400,45.8100,43.0000,43.3800,49988800
2000-12-28,45.1300,46.2500,43.8800,44.5600,38809600
2000-12-27,46.1300,46.8100,45.0000,46.4400,34501900
2000-12-26,46.8800,48.5600,45.8800,46.8800,33470800
2000-12-22,44.7500,47.1300,44.7500,46.4400,54775900
2000-12-21,40.7500,45.1300,40.3100,43.4400,81586500
2000-12-20,42.8100,44.0000,41.3800,41.5000,74518900
2000-12-19,47.4400,48.0000,44.5000,44.8100,60135900
2000-12-18,49.0000,50.0000,47.0000,47.8100,53593700
2000-12-15,51.0500,52.0000,47.7500,49.1900,58449900
2000-12-14,57.9400,58.7300,55.3800,55.5000,35600700
2000-12-13,60.5000,60.5000,56.8100,57.2500,49180200
2000-12-12,57.8100,60.0000,56.7500,58.3800,31553000
2000-12-11,55.5000,58.7500,55.0000,58.0600,47788100
2000-12-08,54.6300,55.8800,53.4400,54.4400,60469900
2000-12-07,53.4400,54.0000,52.2500,53.1300,72654200
2000-12-06,60.0000,60.0600,56.0600,56.6900,45280400
2000-12-05,59.1900,60.5000,58.2500,59.8800,50867200
2000-12-04,57.2500,59.0000,55.1900,56.4400,40203600
2000-12-01,58.0600,60.6300,56.0600,56.6300,54904900
2000-11-30,62.0000,62.0600,57.0000,57.3800,98600400
2000-11-29,66.8100,67.1200,63.2500,65.0600,49140200
2000-11-28,69.3700,69.7500,66.8100,67.0000,63723100
2000-11-27,71.4400,72.2500,70.6200,70.6900,42653800
2000-11-24,69.0000,70.4400,68.5000,69.9400,17219600
2000-11-22,66.0600,69.5000,66.0000,68.2500,38171600
2000-11-21,67.3700,69.2500,67.3700,67.7500,29743800
2000-11-20,68.1200,68.5000,65.5600,67.1900,40078600
2000-11-17,69.4400,70.0000,67.8000,69.0600,53262800
2000-11-16,69.4400,71.5000,68.9400,68.9400,46064300
2000-11-15,69.0600,70.8700,68.6900,70.0600,30211100
2000-11-14,68.0000,69.8100,67.3100,68.8100,42109300
2000-11-13,66.6900,68.1200,64.4100,66.4400,41682400
2000-11-10,69.9400,70.3100,66.8100,67.3700,46872200
2000-11-09,68.5000,71.3100,68.4400,70.8700,45529300
2000-11-08,71.1200,72.3700,68.0000,69.4400,103074700
2000-11-07,69.7500,71.8700,69.5000,70.5000,52165600
2000-11-06,68.6900,70.1200,68.2500,69.5000,37425700
2000-11-03,69.2500,69.6200,68.0600,68.2500,34355500
2000-11-02,70.3700,70.8400,69.6200,70.3100,38992600
2000-11-01,68.5000,70.0600,68.4400,69.6200,40654700
2000-10-31,69.0000,69.5000,68.0000,68.8700,52237000
2000-10-30,67.5000,70.1200,67.3700,69.0600,55028800
2000-10-27,64.6900,69.1900,64.6200,67.6900,62146200
2000-10-26,61.0000,65.0600,60.8100,64.4400,57413300
2000-10-25,61.9400,63.4400,60.4400,61.2500,83801900
2000-10-24,62.6300,62.9400,60.1900,61.5000,47213700
2000-10-23,64.6200,66.2500,60.6900,62.1300,92585200
2000-10-20,61.3100,66.1200,61.1300,65.1900,80189300
2000-10-19,58.4400,62.1900,58.0000,61.8800,128496600
2000-10-18,49.6300,53.2500,48.4400,51.7500,55268200
2000-10-17,51.8800,52.4400,50.2500,50.4400,40638300
2000-10-16,53.5000,53.8100,49.5600,50.3800,59879500
2000-10-13,53.8800,54.8800,52.1300,53.7500,52260600
2000-10-12,56.3100,56.8800,53.8100,54.3800,45109800
2000-10-11,54.0000,56.9400,54.0000,55.7500,50602900
2000-10-10,53.9400,55.5600,53.8100,54.5600,31033100
2000-10-09,55.6300,55.7500,53.0000,54.1900,29161800
2000-10-06,55.8100,56.7500,54.7500,55.5600,30897000
2000-10-05,55.5000,57.2500,55.2500,55.3800,40549700
2000-10-04,56.3800,56.5600,54.5000,55.4400,68226700
2000-10-03,59.5600,59.8100,56.5000,56.5600,42687000
2000-10-02,60.5000,60.8100,58.2500,59.1300,29281200
2000-09-29,61.0000,61.3100,58.6300,60.3100,37026800
2000-09-28,60.8100,61.8800,60.6300,61.3100,26180200
2000-09-27,63.4400,63.5600,59.8100,60.6300,53077800
2000-09-26,60.9400,65.8700,60.4400,62.6900,77852400
2000-09-25,63.2500,63.5000,60.4400,61.2500,26742100
2000-09-22,61.1300,63.5000,61.0000,63.2500,42238300
2000-09-21,64.0000,65.1200,63.5600,64.1900,24476100
2000-09-20,64.8700,65.0000,63.1900,64.2500,33895700
2000-09-19,63.6300,65.7500,63.3800,65.0000,39655600
2000-09-18,64.2500,64.6200,62.1900,63.0000,34518900
2000-09-15,65.4400,65.6200,63.3100,64.1900,49957600
2000-09-14,68.6900,68.7500,65.6900,65.8100,39251500
2000-09-13,67.5600,68.7500,67.1900,68.2500,20372400
2000-09-12,68.7500,69.3100,67.6200,68.1200,23390600
2000-09-11,69.1200,69.6900,68.0600,68.8100,24247600
2000-09-08,70.3700,70.8700,69.1900,69.3100,28354800
2000-09-07,70.0000,72.0600,69.4400,70.0600,55855600
2000-09-06,70.0600,70.6900,69.3100,69.4400,31480400
2000-09-05,70.0000,70.6900,69.8100,70.1200,25377600
2000-09-01,70.0000,70.6200,69.6900,70.1900,18814900
2000-08-31,70.8700,72.0000,69.6900,69.8100,36287700
2000-08-30,70.6900,70.9400,69.6900,70.0000,26749400
2000-08-29,71.1900,72.7500,70.8700,70.9400,29700100
2000-08-28,70.1900,72.1200,70.1200,71.3100,28210800
2000-08-25,70.6900,71.6900,70.5600,70.6200,26364700
2000-08-24,70.6200,71.1900,69.9400,71.1200,21202700
2000-08-23,70.8100,71.1200,70.3700,70.7500,18363400
2000-08-22,70.8100,72.4400,70.2200,71.2500,27214100
2000-08-21,70.6900,70.8100,70.0600,70.6200,17059800
2000-08-18,71.1200,71.4400,70.0000,71.0000,27219400
2000-08-17,71.1200,72.0000,70.5600,71.5600,18056400
2000-08-16,71.8700,72.2500,70.5600,71.0000,22488100
2000-08-15,72.0000,73.0000,71.5000,71.6200,20357100
2000-08-14,72.3100,73.3700,71.3700,72.1900,26713500
2000-08-11,72.4400,72.6900,71.6200,72.4400,17814800
2000-08-10,73.8100,74.0600,71.7500,72.6200,24493000
2000-08-09,73.7500,74.8700,73.1200,74.2500,31972800
2000-08-08,70.0600,74.6900,70.0000,74.1200,69019400
2000-08-07,70.1900,71.1200,69.7500,70.0000,26370900
2000-08-04,69.4400,69.8700,68.1900,69.1200,19053700
2000-08-03,68.1900,70.3700,68.1200,70.2500,27271700
2000-08-02,68.5600,70.4400,68.5000,69.3700,24134600
2000-08-01,69.9400,70.0600,68.1900,68.6900,23581800
2000-07-31,70.1900,71.1200,69.2500,69.8100,35141900
2000-07-28,70.9400,71.8100,69.6200,69.6900,37822800
2000-07-27,67.8700,70.1200,67.5000,69.3700,37168800
2000-07-26,69.0600,69.5000,67.2500,67.8100,42702300
2000-07-25,70.8100,71.0000,68.3700,69.0000,32094300
2000-07-24,72.0600,72.1200,70.0000,70.5600,28082800
2000-07-21,74.7500,75.0000,71.8700,72.3100,28050300
2000-07-20,73.4400,75.2500,73.1200,74.8100,27345300
2000-07-19,76.0600,77.5000,72.8100,73.1200,69962300
2000-07-18,77.6200,79.5000,77.4400,78.5000,35308600
2000-07-17,78.2500,79.5600,77.5000,78.1900,26996400
2000-07-14,79.5000,79.7500,78.4400,78.9400,25590300
2000-07-13,78.8100,80.0000,77.3700,79.9400,40421600
2000-07-12,78.2500,81.0000,77.1900,80.3100,29185100
2000-07-11,78.8100,80.5000,78.5000,79.1200,18582400
2000-07-10,80.6900,81.3100,79.3700,79.4400,26344900
2000-07-07,81.2700,82.8700,80.5600,82.0000,27076600
2000-07-06,78.8700,81.6900,78.5000,80.9400,23936600
2000-07-05,79.8700,79.8700,78.2500,78.5000,17412200
2000-07-03,79.6900,80.0600,79.3700,80.0000,7867400
2000-06-30,77.0600,80.0000,76.6900,80.0000,26178200
2000-06-29,78.2500,78.9400,77.0600,77.1900,19224500
2000-06-28,79.0000,80.0600,78.6200,78.9400,18729600
2000-06-27,79.2500,80.1200,78.3700,78.8100,15535600
2000-06-26,77.5000,80.1200,77.5000,79.5000,24143500
2000-06-23,79.9400,80.0600,77.0000,77.6900,24905800
2000-06-22,81.3700,82.0000,79.3100,79.8700,43657600
2000-06-21,77.0000,82.1900,76.9400,80.6900,80199800
2000-06-20,73.8700,75.2500,73.7500,74.9400,31137500
2000-06-19,72.5600,73.8100,72.0000,73.6900,23302400
2000-06-16,72.6200,73.1200,71.5000,72.5600,34355300
2000-06-15,70.8100,72.6900,70.6200,72.3700,32796300
2000-06-14,69.8100,71.0000,69.5000,70.5000,39996200
2000-06-13,66.7500,68.0000,66.1200,67.8700,22144600
2000-06-12,69.0000,69.0000,66.3700,66.8700,24630300
2000-06-09,69.6200,69.6900,68.3100,68.8100,17855100
2000-06-08,71.5600,72.1200,68.2500,68.8100,47382800
2000-06-07,69.2500,70.7500,67.1200,70.5000,38155300
2000-06-06,68.1900,69.8700,67.8100,69.6200,49509500
2000-06-05,66.0200,68.3700,66.0000,66.8700,32200000
2000-06-02,66.0000,66.7500,65.0000,66.3100,40231600
2000-06-01,64.3700,66.0000,63.8100,64.5600,47253600
2000-05-31,63.6400,63.7000,62.0600,62.5600,27484100
2000-05-30,62.4400,64.1200,62.0000,63.3800,34268200
2000-05-26,62.0600,62.6300,60.3800,61.4400,27911000
2000-05-25,64.5600,64.7500,61.1300,61.5000,47174400
2000-05-24,63.1300,66.5600,63.0000,65.5600,42741200
2000-05-23,63.8800,65.5600,63.0600,63.1900,28981600
2000-05-22,65.1200,65.2500,62.4400,64.1900,34977500
2000-05-19,65.3700,65.9400,64.5000,65.0600,33289000
2000-05-18,68.0600,68.0600,65.8700,66.1900,26820200
2000-05-17,68.8700,69.1200,67.2500,67.6900,26621000
2000-05-16,69.5600,70.6200,69.0600,69.5000,24205300
2000-05-15,69.0000,69.4400,68.0000,69.3700,16949800
2000-05-12,68.4400,69.7500,68.2500,68.8100,18943000
2000-05-11,66.6200,68.1200,65.7500,67.8700,29195400
2000-05-10,67.7500,67.8700,65.7500,66.1900,33870000
2000-05-09,70.1900,70.4400,67.5000,67.8100,30389200
2000-05-08,70.9400,71.3700,69.6900,69.8100,18093800
2000-05-05,70.2500,71.8100,69.8700,71.1200,18201100
2000-05-04,70.3100,71.2500,69.3100,70.4400,21658600
2000-05-03,70.3700,70.8100,68.8100,70.5600,27677400
2000-05-02,72.8100,73.5000,69.5000,69.8700,48858100
2000-05-01,72.8700,74.0000,71.6900,73.4400,53905500
2000-04-28,70.7500,71.0000,68.2500,69.7500,39041300
2000-04-27,67.4400,69.9400,67.3700,69.8100,38834900
2000-04-26,70.0000,71.1200,67.3700,68.0000,53545600
2000-04-25,68.7500,69.5000,67.6200,69.3700,79758700
2000-04-24,67.2500,68.0000,65.0000,66.6200,156822900
2000-04-20,78.6200,79.8700,77.5000,78.9400,26193700
2000-04-19,81.4400,81.5000,78.1200,78.6900,26857700
2000-04-18,76.5000,81.9400,75.8700,80.5600,45897300
2000-04-17,74.2500,76.0000,73.0000,75.8700,59886100
2000-04-14,79.1200,79.5000,73.2500,74.1200,75608900
2000-04-13,80.8700,82.2500,79.0000,79.2500,47158100
2000-04-12,82.1200,82.2500,78.7500,79.3700,76501900
2000-04-11,85.1200,86.0600,83.5000,83.8700,35980900
2000-04-10,88.6200,88.6200,86.0000,86.0600,30342700
2000-04-07,87.0000,89.3700,85.0000,89.0600,41306800
2000-04-06,87.8700,88.0000,85.2700,86.0000,33210700
2000-04-05,88.2500,88.5000,85.8700,86.3700,41443800
2000-04-04,91.5600,92.0000,84.9400,88.5600,90622200
2000-04-03,94.4400,96.5000,90.0000,90.8700,130059100
2000-03-31,106.0000,108.2500,104.1200,106.2500,32140700
2000-03-30,106.1900,108.6200,102.5000,103.3700,32089200
2000-03-29,105.1900,108.9400,105.1200,107.1900,32181900
2000-03-28,103.6200,107.4400,102.3700,104.3100,40557200
2000-03-27,107.7700,108.2500,103.9400,104.0600,55717000
2000-03-24,112.6200,115.0000,109.5600,111.6900,56098400
2000-03-23,106.8100,112.8700,106.6200,111.8700,74112000
2000-03-22,102.8100,105.6200,101.1200,103.2500,46987900
2000-03-21,96.7500,103.1200,96.5000,102.7500,40824400
2000-03-20,98.7500,99.7500,96.5000,97.3700,23886500
2000-03-17,95.2500,99.5000,94.5000,99.3700,40580800
2000-03-16,95.9400,96.6900,93.2500,95.3700,38650400
2000-03-15,94.5600,96.6200,93.6900,95.3700,26604000
2000-03-14,98.6200,99.2500,95.1200,95.1200,36744600
2000-03-13,97.6200,100.2500,97.5000,98.0000,30915900
2000-03-10,99.5600,102.5000,99.5000,101.0000,42794500
2000-03-09,95.3100,100.0000,95.0000,100.0000,44099400
2000-03-08,93.8100,96.1900,91.0000,95.5600,47145000
2000-03-07,96.1200,97.5000,91.9400,92.8700,67530500
2000-03-06,96.0000,97.3700,90.1200,90.6200,46804700
2000-03-03,94.7500,98.8700,93.8700,96.1200,50717600
2000-03-02,91.8100,95.3700,91.1200,93.3700,53466300
2000-03-01,89.6200,94.0900,88.9400,90.8100,53444900
2000-02-29,91.7500,91.7500,88.8700,89.3700,29218700
2000-02-28,90.2500,92.1200,88.1200,91.5600,38065900
2000-02-25,94.6900,94.7000,90.5000,91.3100,32650700
2000-02-24,94.2500,95.8700,92.0000,94.7500,34866600
2000-02-23,93.5000,95.7500,92.0600,94.2500,37923600
2000-02-22,95.1200,97.1200,92.8100,93.8100,33148100
2000-02-18,100.0000,100.0600,94.8700,95.0600,39531500
2000-02-17,98.5000,99.6900,97.1400,99.6200,40171700
2000-02-16,99.2500,100.1900,97.1200,97.6200,32601300
2000-02-15,99.7500,100.0000,98.1200,98.5600,35513800
2000-02-14,101.2300,101.7500,99.0600,99.6200,40514300
2000-02-11,104.8700,104.8700,99.1200,99.9400,57779500
2000-02-10,103.8900,106.5600,102.5000,106.0000,27263900
2000-02-09,109.4400,109.4400,103.8700,104.0000,27545000
2000-02-08,106.4400,110.0000,106.4400,109.9400,28114500
2000-02-07,106.8100,106.8700,104.2500,106.6200,20002900
2000-02-04,104.3700,108.0000,104.1400,106.5600,27682700
2000-02-03,102.0600,104.1900,100.1200,103.6200,24593000
2000-02-02,102.4400,103.9400,100.5000,100.8100,24957800
2000-02-01,98.5000,103.2500,97.6900,102.9400,35098300
2000-01-31,97.6200,98.1900,94.8700,97.8700,36597100
2000-01-28,98.1200,100.2500,97.2500,98.2500,29112700
2000-01-27,99.8900,101.1900,97.2500,98.7500,31827400
2000-01-26,102.4400,103.5000,99.1200,99.3700,24682500
2000-01-25,101.0000,103.8700,99.5600,102.8100,29911600
2000-01-24,103.8000,105.6900,100.8100,101.2500,31798800
2000-01-21,107.0000,107.2500,103.2500,103.7500,34208100
2000-01-20,107.0600,109.6900,105.8700,106.0000,28174900
2000-01-19,110.5000,111.5000,106.0000,107.0000,48784100
2000-01-18,111.8100,116.5000,111.7500,115.3100,40741800
2000-01-14,107.1900,113.9400,105.7500,112.2500,36708200
2000-01-13,104.3700,108.6200,101.5000,107.8100,41572000
2000-01-12,108.5000,108.8700,104.4400,105.8100,33266200
2000-01-11,111.5000,114.2500,108.6900,109.3700,23371800
2000-01-10,113.4400,113.6900,111.3700,112.2500,22481800
2000-01-07,108.6200,112.2500,107.3100,111.4400,31006800
2000-01-06,112.1900,113.8700,108.3700,110.0000,27488300
2000-01-05,111.1200,116.3700,109.3700,113.8100,32029800
2000-01-04,113.5600,117.1200,112.2500,112.6200,27059500
2000-01-03,117.3700,118.6200,112.0000,116.5600,26614200
1999-12-31,117.5000,117.7500,116.2500,116.7500,6258800
1999-12-30,117.8700,119.9400,117.1200,117.6200,11180000
1999-12-29,116.9400,118.3700,116.8100,117.9400,8724600
1999-12-28,118.7500,118.8100,117.0600,117.5000,12295500
1999-12-27,118.4400,119.2500,116.1200,119.1200,16101100
1999-12-23,117.2500,119.2500,116.7500,117.4400,15514200
1999-12-22,116.3000,118.0000,115.1200,117.5600,19282600
1999-12-21,112.3700,116.6200,110.6200,115.8700,28723000
1999-12-20,114.8100,115.0000,111.1900,112.7500,19716900
1999-12-17,116.6200,117.1200,113.6200,115.2500,52949400
1999-12-16,109.2500,115.0000,108.9400,113.6900,64330100
1999-12-15,98.5600,108.7500,98.5000,108.4400,77785800
1999-12-14,96.1900,101.1200,95.3100,98.6900,72058100
1999-12-13,93.6100,96.9400,92.7500,96.6200,26345800
1999-12-10,93.3700,94.1200,92.2500,93.8700,18418000
1999-12-09,92.0000,93.3100,91.4400,92.7500,23129100
1999-12-08,93.1200,94.3100,91.6900,91.7500,20477900
1999-12-07,94.7500,94.8700,92.8700,93.0000,28429600
1999-12-06,95.2500,97.1900,94.7500,95.4400,24549100
1999-12-03,95.8100,97.1200,95.7300,96.1200,32050300
1999-12-02,93.0600,95.2500,92.8700,94.8100,27736900
1999-12-01,91.0600,93.9400,90.8700,93.1900,24432100
1999-11-30,89.7500,92.8700,89.5600,91.0500,32072800
1999-11-29,90.1200,92.0600,89.5000,90.1900,25730100
1999-11-26,91.6200,93.3700,91.0000,91.1200,14257100
1999-11-24,89.5600,92.2500,89.5000,91.6900,26885500
1999-11-23,89.2500,91.3700,88.3700,89.6200,35393700
1999-11-22,89.6200,90.3700,88.4400,89.8100,45298300
1999-11-19,84.4400,86.5600,84.3700,86.0000,29113000
1999-11-18,84.9400,85.8100,84.5000,84.9400,32246600
1999-11-17,86.4400,87.0600,85.0000,85.0000,33409500
1999-11-16,86.9400,87.7500,85.8700,87.3100,29582600
1999-11-15,88.2500,88.5000,86.9400,87.0000,23540200
1999-11-12,89.7500,90.0000,87.0600,89.1900,24707100
1999-11-11,88.2500,90.4400,88.2500,89.6200,34637300
1999-11-10,88.1200,89.1200,86.4400,87.1200,34692700
1999-11-09,89.7500,89.8700,86.4400,88.8700,54884900
1999-11-08,84.8100,90.7500,84.3700,89.9400,121909600
1999-11-05,91.8100,92.8700,90.5000,91.5600,35083700
1999-11-04,92.3100,92.7500,90.3100,91.7500,27119700
1999-11-03,92.9400,93.5000,91.5000,92.0000,22258500
1999-11-02,92.7500,94.5000,91.9400,92.5600,23174500
1999-11-01,93.2500,94.1900,92.1200,92.3700,26630600
